CASE_ID,ACCIDENT_YEAR,PROC_DATE,JURIS,COLLISION_DATE,COLLISION_TIME,OFFICER_ID,REPORTING_DISTRICT,DAY_OF_WEEK,CHP_SHIFT,POPULATION,CNTY_CITY_LOC,SPECIAL_COND,BEAT_TYPE,CHP_BEAT_TYPE,CITY_DIVISION_LAPD,CHP_BEAT_CLASS,BEAT_NUMBER,PRIMARY_RD,SECONDARY_RD,DISTANCE,DIRECTION,INTERSECTION,WEATHER_1,WEATHER_2,STATE_HWY_IND,CALTRANS_COUNTY,CALTRANS_DISTRICT,STATE_ROUTE,ROUTE_SUFFIX,POSTMILE_PREFIX,POSTMILE,LOCATION_TYPE,RAMP_INTERSECTION,SIDE_OF_HWY,TOW_AWAY,COLLISION_SEVERITY,NUMBER_KILLED,NUMBER_INJURED,PARTY_COUNT,PRIMARY_COLL_FACTOR,PCF_CODE_OF_VIOL,PCF_VIOL_CATEGORY,PCF_VIOLATION,PCF_VIOL_SUBSECTION,HIT_AND_RUN,TYPE_OF_COLLISION,MVIW,PED_ACTION,ROAD_SURFACE,ROAD_COND_1,ROAD_COND_2,LIGHTING,CONTROL_DEVICE,CHP_ROAD_TYPE,PEDESTRIAN_ACCIDENT,BICYCLE_ACCIDENT,MOTORCYCLE_ACCIDENT,TRUCK_ACCIDENT,NOT_PRIVATE_PROPERTY,ALCOHOL_INVOLVED,STWD_VEHTYPE_AT_FAULT,CHP_VEHTYPE_AT_FAULT,COUNT_SEVERE_INJ,COUNT_VISIBLE_INJ,COUNT_COMPLAINT_PAIN,COUNT_PED_KILLED,COUNT_PED_INJURED,COUNT_BICYCLIST_KILLED,COUNT_BICYCLIST_INJURED,COUNT_MC_KILLED,COUNT_MC_INJURED,PRIMARY_RAMP,SECONDARY_RAMP,LATITUDE,LONGITUDE,COUNTY,CITY,POINT_X,POINT_Y
91527416,2021,2021-07-23,9725,2021-07-17,1215,021665,,6,1,9,3500,0,1,3,,1,054,SR-25,"BOLSA RD",6336.00,S,N,A,-,Y,,,25,,,,,,,Y,4,0,2,3,A,-,03,22350,,N,C,C,A,A,H,-,A,D,0,,,,,Y,,A,07,0,0,2,0,0,0,0,0,0,"- ","- ",36.943588256835938,-121.50186920166016,"SAN BENITO",UNINCORPORATED,-121.50194549560547,36.943439483642578
91535185,2021,2021-08-02,9725,2021-07-22,2047,018966,,4,2,9,3500,0,3,5,,2,005,"COMSTOCK RD","FAIRVIEW RD",0.00,,Y,A,-,N,,,,,,,,,,Y,4,0,2,5,A,-,09,21802,A,N,D,C,A,A,H,-,D,A,0,,,,,Y,,E,22,0,0,2,0,0,0,0,0,0,"- ","- ",36.920398712158203,-121.37181091308594,"SAN BENITO",UNINCORPORATED,-121.37184143066406,36.920375823974609
91540271,2021,2021-08-09,9725,2021-08-04,1350,020742,,3,1,9,3500,0,2,4,,1,052,"FAIRVIEW RD","DIXIE DR",1056.00,N,N,A,-,N,,,,,,,,,,N,4,0,1,2,A,-,03,22350,,N,C,C,A,A,H,-,A,D,0,,,,,Y,,D,22,0,0,1,0,0,0,0,0,0,"- ","- ",36.880950927734375,-121.3636474609375,"SAN BENITO",UNINCORPORATED,-121.36367034912109,36.880611419677734
91578279,2021,2021-09-23,9725,2021-09-12,1620,022112,,7,2,9,3500,0,1,2,,1,056,"US-101 N/B","BETABEL RD",800.00,S,N,A,-,Y,,,,,,,,,,Y,4,0,3,5,A,-,07,21658,A,N,C,C,A,A,H,-,A,D,0,,,,,Y,,D,22,0,0,3,0,0,0,0,0,0,"- ","- ",36.957721710205078,-121.55092620849609,"SAN BENITO",UNINCORPORATED,-121.55644989013672,36.900188446044922
91493922,2021,2021-06-10,9725,2021-06-09,1810,022112,,3,2,9,3500,0,3,5,,2,007,"FRAIZER LAKE ROAD","SHORE ROAD",23.00,N,N,A,-,N,,,,,,,,,,N,4,0,1,2,A,-,08,22107,,N,A,C,A,A,H,-,A,D,0,,,,,Y,,A,01,0,0,1,0,0,0,0,0,0,"- ","- ",36.938739776611328,-121.45671081542969,"SAN BENITO",UNINCORPORATED,-121.4464111328125,36.942226409912109
91567248,2021,2021-09-10,9725,2021-08-30,1915,022608,,1,2,9,3500,0,1,3,,2,055,SR-156,"SAN FELIPE RD",837.00,W,N,A,-,Y,,,156,,,,,,,Y,4,0,2,2,A,-,03,22350,,N,C,C,A,A,H,-,A,D,0,,,,,Y,,A,01,0,0,2,0,0,0,0,0,0,"- ","- ",36.907520294189453,-121.40685272216797,"SAN BENITO",UNINCORPORATED,-121.40685272216797,36.907524108886719
91661132,2021,2021-12-24,9725,2021-12-15,0430,021660,,3,3,9,3500,0,1,2,,1,056,"US-101 N/B",SR-156,528.00,N,N,A,-,Y,,,101,,,,,,N,Y,2,0,1,2,D,-,00,,,N,B,2,A,A,H,-,D,D,0,,,,,Y,,-,"- ",1,0,0,0,0,0,0,0,0,"- ","- ",36.862789154052734,-121.57774353027344,"SAN BENITO",UNINCORPORATED,-121.57771301269531,36.862758636474609
91428110,2021,2021-03-16,9725,2021-03-08,1500,021665,,1,2,9,3500,0,2,4,,1,052,"FAIRVIEW RD","FAIRVIEW CT",75.00,N,N,A,-,N,,,,,,,,,,Y,4,0,1,2,A,-,03,22350,,N,C,C,A,A,H,-,A,D,0,,,,,Y,,A,07,0,0,1,0,0,0,0,0,0,"- ","- ",36.907260894775391,-121.36502838134766,"SAN BENITO",UNINCORPORATED,-121.36524963378906,36.907382965087891
91631728,2021,2021-11-22,9725,2021-11-18,2330,021660,,4,3,9,3500,0,1,2,,1,056,"US-101 N/B","BETABEL RD",1056.00,N,N,A,-,Y,,,101,,,,,,N,Y,3,0,3,2,A,-,01,23152,A,N,B,C,A,A,H,-,D,D,0,,,,Y,Y,Y,A,01,0,3,0,0,0,0,0,0,0,"- ","- ",36.908229827880859,-121.55632781982422,"SAN BENITO",UNINCORPORATED,-121.55629730224609,36.908218383789062
91458617,2021,2021-04-26,9725,2021-04-17,1605,021811,,6,2,9,3500,0,1,3,,2,053,SR-156,"FLINT RD",2112.00,W,N,A,-,Y,,,156,,,,,,,Y,4,0,5,3,A,-,03,22350,,N,C,C,A,A,H,-,A,D,0,,,,,Y,,D,22,0,0,5,0,0,0,0,0,0,"- ","- ",36.841480255126953,-121.47873687744141,"SAN BENITO",UNINCORPORATED,-121.47874450683594,36.841552734375
9287044,2021,2021-08-11,3501,2021-06-10,2116,10634,3501,4,5,4,3501,0,0,0,,0,SWI,"SAN FELIPE RD","FLYNN RD",31.00,N,N,A,-,N,,,,,,,,,,Y,3,0,1,1,A,-,01,23152,B,N,E,I,A,A,H,-,D,D,0,,,,,Y,Y,A,07,0,1,0,0,0,0,0,0,0,"- ","- ",,,"SAN BENITO",HOLLISTER,-121.40041351318359,36.881683349609375
91566638,2021,2021-09-09,9725,2021-08-24,1545,018350,,2,2,9,3500,0,1,S,,2,904,"SAN JUAN ROAD","US-101 S/B",0.00,,Y,A,-,Y,,,,,,,,,,N,4,0,1,2,A,-,21,22106,,N,C,C,A,A,H,-,A,A,0,,,,,Y,,D,22,0,0,1,0,0,0,0,0,0,"- ","- ",36.858421325683594,-121.62815093994141,"SAN BENITO",UNINCORPORATED,-121.62794494628906,36.8580322265625
9276098,2021,2021-12-03,3501,2021-09-23,1440,3501,3501,4,5,4,3501,0,0,0,,0,DAY,"AIRLINE HWY","SUNNYSLOPE RD",0.00,,Y,A,-,Y,SBT,5,25,-,R,49.934,I,5,N,Y,3,0,3,2,A,-,09,21453,C,N,A,C,A,A,H,-,A,A,0,,,,,Y,,A,07,0,1,2,0,0,0,0,0,0,"- ","- ",,,"SAN BENITO",HOLLISTER,-121.39068603515625,36.839237213134766
91514450,2021,2021-07-07,9725,2021-06-26,1140,021304,,6,1,9,3500,0,1,3,,2,055,SR156,"SAN FELIPE ROAD",30.00,E,N,A,-,Y,,,156,,,,,,,N,4,0,2,3,A,-,03,22350,,N,C,C,A,A,H,-,A,D,0,,,,Y,Y,,G,25,0,0,2,0,0,0,0,0,0,"- ","- ",36.907920837402344,-121.40383148193359,"SAN BENITO",UNINCORPORATED,-121.40382385253906,36.907890319824219
91583496,2021,2021-09-30,9725,2021-09-19,1225,021665,,7,1,9,3500,0,1,3,,1,051,SR-25,"FAIRVIEW RD",0.00,,Y,A,-,Y,,,25,,,,,,,N,4,0,1,2,A,-,09,21802,A,N,D,C,A,A,H,-,A,A,0,,,,,Y,,A,01,0,0,1,0,0,0,0,0,0,"- ","- ",36.816329956054688,-121.36354827880859,"SAN BENITO",UNINCORPORATED,-121.36356353759766,36.816276550292969
91588777,2021,2021-10-05,9725,2021-09-27,1512,022317,,1,2,9,3500,0,3,5,,2,005,"FRAZER LAKE RD N/B","BLOOMFIELD AVENUE",7181.00,S,N,A,-,N,,,,,,,,,,Y,3,0,2,2,A,-,08,22107,,N,A,C,A,A,H,-,A,D,0,,,,,Y,,A,01,0,2,0,0,0,0,0,0,0,"- ","- ",36.963680267333984,-121.49223327636719,"SAN BENITO",UNINCORPORATED,,
9377222,2021,2021-12-21,3501,2021-10-28,1346,10925,3501,4,5,4,3501,0,0,0,,0,DAY,"SOUTH ST","MCCRAY ST",42.00,W,N,A,-,N,,,,,,,,,,N,3,0,1,2,A,-,01,23153,B,F,A,B,A,A,H,-,A,A,0,,Y,,,Y,Y,A,01,0,1,0,0,0,0,1,0,0,"- ","- ",,,"SAN BENITO",HOLLISTER,-121.39671325683594,36.848140716552734
91466078,2021,2021-05-05,9725,2021-04-12,0826,018473,,1,1,9,3500,0,1,3,,1,051,"SR-25 N/B","MURPHY RD.",5808.00,N,N,B,-,Y,,,25,,,,,,N,Y,2,0,1,1,A,-,01,23152,A,N,E,I,A,A,H,-,A,D,0,,,,,Y,Y,A,01,1,0,0,0,0,0,0,0,0,"- ","- ",36.756801605224609,-121.29534149169922,"SAN BENITO",UNINCORPORATED,-121.29540252685547,36.756778717041016
91534705,2021,2021-08-02,9725,2021-07-13,1740,020742,,2,2,9,3500,0,3,5,,2,007,"SAN JUAN HWY.","ANZAR RD.",0.00,,Y,A,-,N,,,,,,,,,,Y,3,0,2,2,A,-,12,22450,A,N,D,C,A,A,H,-,A,A,0,,,,,Y,,A,01,0,2,0,0,0,0,0,0,0,"- ","- ",36.87548828125,-121.55432891845703,"SAN BENITO",UNINCORPORATED,-121.55434417724609,36.875457763671875
9266705,2021,2021-06-08,3501,2021-04-02,1813,11060,3501,5,5,4,3501,0,0,0,,0,GRA,"SUNNYSLOPE RD","BELLA VISTA DR",0.00,,N,A,-,N,,,,,,,,,,N,3,0,1,2,A,-,00,21754,A,M,B,C,A,A,H,-,A,D,0,,,Y,Y,Y,,C,02,0,1,0,0,0,0,0,0,1,"- ","- ",,,"SAN BENITO",HOLLISTER,-121.37934112548828,36.838836669921875
9301486,2021,2021-09-14,3501,2021-07-03,2246,11099,3501,6,5,4,3501,0,0,0,,0,GRA,"MEMORIAL DR","HILLCREST RD",0.00,,Y,A,-,N,,,,,,,,,,Y,4,0,1,2,A,-,09,21800,A,N,D,C,A,A,H,-,C,A,0,,,,,Y,,A,01,0,0,1,0,0,0,0,0,0,"- ","- ",,,"SAN BENITO",HOLLISTER,-121.38375854492188,36.847492218017578
91386844,2021,2021-01-13,9725,2021-01-07,1214,018473,,4,1,9,3500,0,3,5,,2,007,"FREITAS RD.","FLINT RD.",1056.00,E,N,A,-,N,,,,,,,,,,Y,4,0,1,2,A,-,09,21801,A,N,B,C,A,A,H,-,A,D,0,,,,,Y,,A,08,0,0,1,0,0,0,0,0,0,"- ","- ",36.849040985107422,-121.46958923339844,"SAN BENITO",UNINCORPORATED,-121.46878051757812,36.849010467529297
91634672,2021,2021-11-24,9725,2021-11-14,1712,021837,,7,2,9,3500,0,1,3,,2,053,SR-156,"UNION RD",1056.00,W,N,A,-,Y,,,156,,,,,,,Y,3,0,1,2,A,-,01,23152,A,M,B,D,A,A,H,-,B,D,0,,,,,Y,Y,A,01,0,1,0,0,0,0,0,0,0,"- ","- ",36.841789245605469,-121.46235656738281,"SAN BENITO",UNINCORPORATED,-121.46235656738281,36.84173583984375
9248553,2021,2021-04-13,3501,2021-02-11,1032,10925,3501,4,5,4,3501,0,0,0,,0,DAY,"SOUTH ST","SALLY ST",0.00,,Y,A,B,N,,,,,,,,,,Y,4,0,1,2,A,-,09,21804,A,N,D,C,A,A,H,-,A,D,0,,,,,Y,,A,01,0,0,1,0,0,0,0,0,0,"- ","- ",,,"SAN BENITO",HOLLISTER,-121.40019226074219,36.8482666015625
91472590,2021,2021-05-27,9725,2021-05-07,1725,022112,,5,2,9,3500,0,1,3,,1,057,"SEARLE ROAD",SR-129,10.00,S,N,A,-,N,,,,,,,,,,Y,2,0,1,2,A,-,03,22350,,N,D,C,A,A,H,-,A,D,0,,,Y,,Y,,C,02,1,0,0,0,0,0,0,0,1,"- ","- ",36.883899688720703,-121.56330108642578,"SAN BENITO",UNINCORPORATED,-121.56320953369141,36.883884429931641
91608002,2021,2021-10-27,9725,2021-10-19,1420,020742,,2,2,9,3500,0,1,3,,2,053,SR-156,"LUCY BROWN LN",50.00,E,N,A,-,Y,,,156,,,,,,,N,4,0,1,2,A,-,03,22350,,N,C,C,A,A,D,-,A,D,0,,,,,Y,,A,01,0,0,1,0,0,0,0,0,0,"- ","- ",36.841251373291016,-121.50846862792969,"SAN BENITO",UNINCORPORATED,-121.50846862792969,36.841209411621094
91559566,2021,2021-08-31,9725,2021-08-26,1610,021811,,4,2,9,3500,0,1,3,,2,053,SR-156,"UNION RD",2112.00,W,N,A,-,Y,,,156,,,,,,,Y,4,0,3,3,A,-,03,22350,,N,C,C,A,A,H,-,A,A,0,,,,,Y,,A,01,0,0,3,0,0,0,0,0,0,"- ","- ",36.841621398925781,-121.46530151367188,"SAN BENITO",UNINCORPORATED,-121.46530151367188,36.841701507568359
91575531,2021,2021-09-21,9725,2021-09-19,0045,021811,,7,3,9,3500,0,1,2,,1,056,"US-101 S/B","BETABEL ROAD",3696.00,S,N,A,-,Y,,,101,,,,,,S,Y,3,0,1,1,A,-,01,23152,A,N,E,I,A,A,H,-,D,D,0,,,,,Y,Y,A,01,0,1,0,0,0,0,0,0,0,"- ","- ",36.893840789794922,-121.55645751953125,"SAN BENITO",UNINCORPORATED,-121.55645751953125,36.893840789794922
9396680,2021,2022-02-10,3501,2021-11-29,1604,10925,3501,1,5,4,3501,0,0,0,,0,DAY,"RECHT ST","ALVARADO ST",180.00,N,N,A,-,N,,,,,,,,,,N,4,0,2,2,A,-,03,22350,,N,A,C,A,A,H,-,A,D,0,,,Y,,Y,,C,03,0,0,2,0,0,0,0,0,1,"- ","- ",,,"SAN BENITO",HOLLISTER,-121.39409637451172,36.854496002197266
91470835,2021,2021-05-12,9725,2021-05-03,0815,019217,,1,1,9,3500,0,2,4,,1,052,"SAN FELIPE RD","FAIRVIEW RD",0.00,,Y,A,-,N,,,,,,,,,,Y,4,0,1,2,A,-,09,21802,A,N,D,C,A,A,H,-,A,A,0,,,,,Y,,D,22,0,0,1,0,0,0,0,0,0,"- ","- ",36.940528869628906,-121.41078948974609,"SAN BENITO",UNINCORPORATED,-121.41095733642578,36.940750122070312
91630346,2021,2021-11-19,9725,2021-11-12,0453,021602,,5,3,9,3500,0,1,3,,1,057,SR-129,"US-101 N/B TO SR-129",0.00,,Y,A,-,Y,,,,,,,,,,Y,4,0,1,2,A,-,09,21801,A,N,A,D,A,A,H,-,D,D,0,,,,,Y,,D,22,0,0,1,0,0,0,0,0,0,"- ","- ",36.882278442382812,-121.55995178222656,"SAN BENITO",UNINCORPORATED,-121.56147766113281,36.882484436035156
91566236,2021,2021-09-09,9725,2021-09-06,1415,015579,,1,2,9,3500,0,1,2,,1,056,"US-101 SOUTHBOUND","CANNON ROAD",1056.00,N,N,A,-,Y,,,101,,,,,,S,Y,4,0,2,2,A,-,03,22350,,N,C,C,A,A,H,-,A,D,0,,,,,Y,,D,22,0,0,2,0,0,0,0,0,0,"- ","- ",36.859519958496094,-121.60070037841797,"SAN BENITO",UNINCORPORATED,-121.60069274902344,36.859554290771484
91630504,2021,2021-11-19,9725,2021-11-18,1815,021618,,4,2,9,3500,0,1,2,,1,056,"US-101 S/B",SR-156,1954.00,N,N,A,-,Y,,,,,,,,,,Y,3,0,1,2,A,-,07,21658,A,N,D,2,A,A,H,-,D,D,0,,,,,Y,,A,01,0,1,0,0,0,0,0,0,0,"- ","- ",36.866081237792969,-121.525390625,"SAN BENITO",UNINCORPORATED,-121.57923126220703,36.862319946289062
91602429,2021,2021-10-21,9725,2021-10-04,1425,022608,,1,2,9,3500,0,1,3,,2,053,"SR-156 EASTBOUND",SR-25,0.00,,Y,A,-,Y,,,156,,,,,,E,Y,2,0,3,2,A,-,12,21453,A,N,D,C,A,A,H,-,A,A,0,,,,Y,Y,,G,25,1,0,2,0,0,0,0,0,0,"- ","- ",36.895938873291016,-121.42719268798828,"SAN BENITO",UNINCORPORATED,-121.42731475830078,36.895977020263672
91654283,2021,2021-12-16,9725,2021-12-05,1645,022112,,7,2,9,3500,0,1,2,,1,056,"US-101 S/B",SR-156,5280.00,N,N,A,-,Y,,,101,,,,,,S,N,4,0,1,1,A,-,01,23152,A,N,E,I,A,A,H,-,A,D,0,,,,,Y,Y,A,01,0,0,1,0,0,0,0,0,0,"- ","- ",36.874759674072266,-121.57028961181641,"SAN BENITO",UNINCORPORATED,-121.57046508789062,36.874946594238281
9221716,2021,2021-03-10,3501,2021-01-06,1026,,3501,3,5,4,3501,0,0,0,,0,DAY,"SAN FELIPE RD","AIRLINE HWY",5.00,S,N,A,-,Y,SBT,5,25,-,R,52.210,I,6,S,N,4,0,1,2,A,-,04,21703,,N,C,C,A,A,H,-,A,A,0,,,,,Y,,A,07,0,0,1,0,0,0,0,0,0,"- ","- ",,,"SAN BENITO",HOLLISTER,-121.40142059326172,36.865200042724609
9282195,2021,2021-07-01,3501,2021-05-01,1225,11123,3501,6,5,4,3501,0,0,0,,0,DAY,"SANTA ANA RD","MCCRAY ST",11.00,S,N,A,-,N,,,,,,,,,,Y,4,0,1,2,A,-,08,22107,,N,D,C,A,A,H,-,A,A,0,,,,Y,Y,,F,26,0,0,1,0,0,0,0,0,0,"- ","- ",,,"SAN BENITO",HOLLISTER,-121.39891052246094,36.856548309326172
9282483,2021,2021-07-20,3501,2021-05-27,2021,11009,3501,4,5,4,3501,0,0,0,,0,SWI,"POWELL ST","4TH ST",0.00,,Y,A,-,N,,,,,,,,,,N,4,0,1,2,A,-,15,21201,A,N,B,G,A,A,H,-,B,D,0,,Y,,,Y,Y,L,04,0,0,1,0,0,0,1,0,0,"- ","- ",,,"SAN BENITO",HOLLISTER,-121.40760040283203,36.852622985839844
91640155,2021,2021-12-13,9725,2021-11-19,0116,022334,,5,3,9,3500,0,1,3,,2,055,SR-156,"FAIRVIEW RD",2415.00,W,N,A,-,N,,,,,,,,,,Y,2,0,2,3,A,-,03,22350,,N,G,C,E,A,H,-,D,D,0,Y,,,,Y,Y,-,33,1,0,1,0,1,0,0,0,0,"- ","- ",36.926418304443359,-121.39614105224609,"SAN BENITO",UNINCORPORATED,-121.39010620117188,36.926628112792969
9296158,2021,2021-08-10,3501,2021-06-07,0600,11126,3501,1,5,4,3501,0,0,0,,0,,"SAN BENITO ST","3RD ST",0.00,,Y,A,-,N,,,,,,,,,,Y,2,0,1,2,A,-,12,21453,A,N,H,C,A,A,H,-,A,A,0,,,,,Y,,D,22,1,0,0,0,0,0,0,0,0,"- ","- ",,,"SAN BENITO",HOLLISTER,-121.40203094482422,36.853504180908203
91488392,2021,2021-06-03,9725,2021-05-22,1239,021304,,6,1,9,3500,0,1,2,,1,056,"US-101 N/B","BETABEL ROAD",1056.00,S,N,A,-,Y,,,,,,,,,,Y,3,0,1,2,A,-,07,21658,A,N,C,2,A,A,H,-,A,D,0,,,,,Y,,A,07,0,1,0,0,0,0,0,0,0,"- ","- ",38.582401275634766,-121.49539947509766,"SAN BENITO",UNINCORPORATED,-121.55644989013672,36.900188446044922
91565036,2021,2021-09-08,9725,2021-08-29,1415,021665,,7,2,9,3500,0,1,2,,1,056,"US-101 N/B","SAN JUAN RD",2640.00,N,N,A,-,Y,,,101,,,,,,N,Y,4,0,1,2,A,-,03,22350,,N,C,C,A,A,H,-,A,D,0,,,,,Y,,A,01,0,0,1,0,0,0,0,0,0,"- ","- ",36.861660003662109,-121.61894989013672,"SAN BENITO",UNINCORPORATED,-121.61897277832031,36.861698150634766
91559284,2021,2021-08-31,9725,2021-08-15,2105,020742,,7,2,9,3500,0,1,3,,2,053,SR-156,SR-25,0.00,,Y,A,-,Y,,,156,,,,,,,Y,4,0,2,2,A,-,12,21453,A,N,D,C,A,A,H,-,C,A,0,,,,,Y,,A,01,0,0,2,0,0,0,0,0,0,"- ","- ",36.895648956298828,-121.42738342285156,"SAN BENITO",UNINCORPORATED,-121.42739868164062,36.895656585693359
91626354,2021,2021-11-16,9725,2021-11-12,1548,022111,,5,2,9,3500,0,1,3,,2,053,SR-156,"UNION ROAD",0.00,,Y,A,-,Y,,,156,,,,,,,Y,4,0,1,3,A,-,12,21453,A,N,D,C,A,A,H,-,A,A,0,,,,,Y,,A,01,0,0,1,0,0,0,0,0,0,"- ","- ",36.842231750488281,-121.45771789550781,"SAN BENITO",UNINCORPORATED,-121.45781707763672,36.842418670654297
91412918,2021,2021-02-22,9725,2021-02-12,1930,021700,,5,2,9,3500,0,1,3,,2,053,SR-156,"SR-156 (BUSINESS ROUTE)",0.00,,Y,A,-,Y,,,156,,,,,,,Y,4,0,1,2,A,-,09,21453,C,N,D,C,A,A,H,-,A,A,0,,,,Y,Y,,A,07,0,0,1,0,0,0,0,0,0,"- ","- ",36.852180480957031,-121.45111846923828,"SAN BENITO",UNINCORPORATED,-121.45119476318359,36.852218627929688
91443522,2021,2021-04-06,9725,2021-04-02,1450,021811,,5,2,9,3500,0,1,2,,1,056,"US-101 S/B",SR-156,2640.00,S,N,A,-,Y,,,101,,,,,,S,Y,4,0,1,2,A,-,03,22350,,N,C,C,A,A,H,-,A,D,0,,,,,Y,,D,22,0,0,1,0,0,0,0,0,0,"- ","- ",36.860149383544922,-121.58870697021484,"SAN BENITO",UNINCORPORATED,-121.58885192871094,36.860813140869141
91511290,2021,2021-07-01,9725,2021-06-25,1525,020276,,5,2,9,3500,0,1,3,,2,053,"SR-156 E/B","FLINT RD",0.00,,Y,A,-,Y,,,156,,,,,,E,N,4,0,1,2,A,-,09,21802,A,N,D,C,A,A,H,-,A,D,0,,,,,Y,,D,22,0,0,1,0,0,0,0,0,0,"- ","- ",36.841499328613281,-121.47164154052734,"SAN BENITO",UNINCORPORATED,-121.47164154052734,36.841636657714844
91508228,2021,2021-06-28,9725,2021-06-18,0500,021660,,5,3,9,3500,0,1,3,,1,054,"SR-25 N/B",SR-156,120.00,S,N,A,-,Y,,,25,,,,,,N,N,4,0,1,3,A,-,03,22350,,M,C,C,A,A,H,-,B,A,0,,,,,Y,,A,08,0,0,1,0,0,0,0,0,0,"- ","- ",36.895111083984375,-121.42681121826172,"SAN BENITO",UNINCORPORATED,-121.42684936523438,36.895072937011719
9287047,2021,2021-08-10,3501,2021-06-25,2106,11099,3501,5,5,4,3501,0,0,0,,0,GRA,"SUNNYSLOPE RD","SUNNYSLOPE LN",60.00,E,N,A,-,N,,,,,,,,,,N,4,0,2,2,A,-,03,22350,,M,C,C,A,A,H,-,C,A,0,,,,,Y,,A,01,0,0,2,0,0,0,0,0,0,"- ","- ",,,"SAN BENITO",HOLLISTER,-121.37071990966797,36.838794708251953
9296087,2021,2021-08-16,3501,2021-06-22,2239,11108,3501,2,5,4,3501,0,0,0,,0,GRA,"SAN JUAN RD","GRAF RD",1280.00,,N,A,-,N,,,,,,,,,,Y,4,0,1,1,A,-,01,23152,,N,A,I,A,A,H,-,D,D,0,,,,,Y,Y,D,22,0,0,1,0,0,0,0,0,0,"- ","- ",,,"SAN BENITO",HOLLISTER,-121.42583465576172,36.853279113769531
9287002,2021,2021-08-06,3501,2021-06-10,1233,11023,3501,4,5,4,3501,0,0,0,,0,DAY,"DRIFTWOOD ST","BAYBERRY ST",0.00,,Y,A,-,N,,,,,,,,,,Y,4,0,1,2,A,-,09,21801,A,N,D,C,A,A,H,-,A,D,0,,,,,Y,,A,01,0,0,1,0,0,0,0,0,0,"- ","- ",,,"SAN BENITO",HOLLISTER,-121.37110900878906,36.82366943359375
9361085,2021,2021-12-10,3501,2021-09-24,1006,01493,3501,5,5,4,3501,0,0,0,,0,DAY,"SAN FELIPE RD","N CHAPPELL RD",124.00,S,N,A,-,N,,,,,,,,,,Y,4,0,2,2,A,-,03,22350,,N,C,C,A,A,H,-,A,D,0,,,,,Y,,D,22,0,0,2,0,0,0,0,0,0,"- ","- ",,,"SAN BENITO",HOLLISTER,-121.40127563476562,36.865718841552734
91406889,2021,2021-02-11,9725,2021-02-08,1410,021159,,1,2,9,3500,0,1,3,,1,054,"RT 25","MURPHY RD",5280.00,N,N,A,-,Y,,,25,,,,,,,Y,3,0,1,1,A,-,08,22107,,N,F,A,A,A,H,-,A,D,0,,,,,Y,,A,07,0,1,0,0,0,0,0,0,0,"- ","- ",36.755210876464844,-121.29354095458984,"SAN BENITO",UNINCORPORATED,-121.29352569580078,36.755233764648438
91424111,2021,2021-03-10,9725,2021-03-07,2300,022111,,7,3,9,3500,0,3,5,,2,007,"SAN JUSTO RD","PRESCOTT RD",1230.00,E,N,A,-,N,,,,,,,,,,Y,3,0,4,1,A,-,08,22107,,N,E,I,A,A,H,-,D,D,0,,,,,Y,,A,01,0,2,2,0,0,0,0,0,0,"- ","- ",36.861030578613281,-121.53636169433594,"SAN BENITO",UNINCORPORATED,-121.53623962402344,36.860889434814453
91641900,2021,2021-12-03,9725,2021-11-19,0102,022334,,5,3,9,3500,0,1,3,,2,055,"SR-156 E/B","FAIRVIEW RD",2427.00,W,N,A,-,N,,,156,,,,,,E,Y,2,0,1,2,A,-,01,23152,A,N,A,C,A,A,H,-,D,D,0,,,,,Y,Y,D,22,1,0,0,0,0,0,0,0,0,"- ","- ",36.926418304443359,-121.39013671875,"SAN BENITO",UNINCORPORATED,-121.39009857177734,36.926410675048828